document,term,count
1,abate,2
1,abhorreth,1
1,abides,1
1,abideth,1
1,abounding,1
1,above,3
1,absent,1
1,abundance,1
1,accept,3
1,accepted,2
1,acclaim,1
1,accurst,2
1,achaia,1
1,achaian,3
1,ache,2
1,acheron,1
1,aching,3
1,across,3
1,action,1
1,advance,1
1,aegean,1
1,afar,5
1,affliction,1
1,affrighteth,1
1,affront,1
1,aflame,1
1,afoam,2
1,afraid,2
1,afresh,1
1,after,2
1,afterwards,1
1,afterwrack,1
1,again,2
1,against,5
1,agamemnon,22
1,agamemnons,6
1,age,1
1,ageridden,1
1,aghast,1
1,ago,7
1,agony,5
1,aid,1
1,aigiplanctos,1
1,aigisthos,14
1,aim,1
1,"""aim\u00e3d""",1
1,air,2
1,alack,1
1,alas,9
1,albeit,1
1,alcmenas,1
1,alexander,1
1,alexanders,1
1,alien,2
1,alive,2
1,all,17
1,alloy,1
1,allruler,1
1,alone,7
1,already,2
1,also,4
1,altar,12
1,altars,6
1,altarstone,2
1,alway,6
1,always,2
1,amazedly,1
1,ambition,1
1,amid,5
1,among,7
1,amphisbene,1
1,amply,1
1,anchors,1
1,ancient,7
1,and,182
1,anger,2
1,angers,1
1,angry,1
1,anguish,4
1,annoy,1
1,another,8
1,anothers,2
1,answer,2
1,answered,1
1,answering,1
1,answerless,1
1,antistrophe,2
1,anything,2
1,anywhere,1
1,apart,2
1,apollo,14
1,apollos,1
1,appear,1
1,appeared,1
1,appears,1
1,appease,1
1,approach,1
1,approaches,1
1,apt,1
1,are,5
1,ares,2
1,argive,3
1,argolis,2
1,argos,14
1,aright,1
1,arm,1
1,"""arm\u00e3d""",1
1,armed,1
1,armies,1
1,armour,1
1,arms,4
1,army,2
1,arose,1
1,around,1
1,array,2
1,arrow,2
1,arrows,1
1,art,10
1,artemis,4
1,"""as\u00e3pus""",1
1,ashes,2
1,aside,2
1,ask,3
1,asked,1
1,asleep,1
1,assemble,1
1,assembled,1
1,assoil,1
1,assumed,1
1,astonied,1
1,astray,2
1,aswoon,1
1,ate,2
1,athos,1
1,atone,1
1,atones,1
1,atreid,1
1,atreidae,2
1,atreidaes,3
1,atreides,1
1,atreus,5
1,attendants,6
1,aught,4
1,aulis,2
1,avenge,1
1,avenger,1
1,avengers,2
1,avenging,5
1,averse,1
1,avert,1
1,await,1
1,awake,1
1,away,16
1,awful,1
1,axe,1
1,aye,14
1,babbles,1
1,babe,3
1,babes,1
1,back,12
1,backward,1
1,bah,1
1,baked,2
1,balance,1
1,bale,1
1,balm,1
1,band,1
1,bands,1
1,bane,2
1,bank,1
1,banquet,1
1,bar,1
1,barbaric,1
1,barbarous,3
1,bare,2
1,base,1
1,basebeguiled,1
1,baser,1
1,bath,1
1,battle,6
1,battled,1
1,battlehungered,1
1,battlewed,1
1,bay,1
1,baying,1
1,beacon,3
1,beaconcall,1
1,beaconed,1
1,beaconpiles,1
1,beacons,2
1,beaming,1
1,bear,5
1,beard,2
1,bearers,1
1,beareth,2
1,bearing,1
1,bears,1
1,beast,6
1,beasts,3
1,beateth,2
1,beating,1
1,beautiful,3
1,because,1
1,bed,5
1,bedfellow,1
1,bedmy,1
1,beds,1
1,before,2
1,beget,1
1,begetters,1
1,beggarmaid,1
1,begged,1
1,begin,2
1,begins,1
1,begone,1
1,begot,1
1,begs,1
1,begun,1
1,beheldagain,1
1,behind,4
1,behold,2
1,believe,1
1,believed,1
1,belike,2
1,belongs,1
1,"""belov\u00e3d""",2
1,beloved,1
1,bemuse,1
1,bemy,1
1,benches,1
1,bend,1
1,beneath,7
1,beseeching,1
1,beside,5
1,best,4
1,"""bestbelov\u00e3d""",1
1,betrayed,1
1,better,1
1,beyond,13
1,bid,1
1,bids,1
1,big,1
1,bind,1
1,bird,6
1,birds,2
1,birdthroated,1
1,birth,2
1,bite,1
1,bitter,5
1,black,5
1,blade,2
1,blast,1
1,blasted,1
1,blaze,2
1,bled,1
1,bleed,2
1,bleeds,1
1,blent,1
1,bless,1
1,"""bless\u00e3d""",3
1,blessing,1
1,blessings,1
1,blest,3
1,blew,2
1,blind,5
1,blinded,1
1,blinding,1
1,blindly,1
1,blindness,2
1,bliss,1
1,block,2
1,blood,30
1,bloodand,1
1,"""bloodcurs\u00e3d""",1
1,bloodfoe,1
1,bloodily,1
1,bloodraging,1
1,bloodsin,1
1,bloody,2
1,bloomed,1
1,blossom,1
1,blossometh,1
1,blow,6
1,blows,3
1,blue,1
1,board,2
1,boast,3
1,bodies,2
1,body,5
1,boldened,1
1,bondmaids,1
1,bonds,1
1,bones,1
1,boon,2
1,boots,1
1,bore,2
1,born,8
1,borne,1
1,bosom,3
1,bought,1
1,bound,1
1,bow,4
1,bowed,2
1,brain,7
1,brake,1
1,branch,1
1,brave,4
1,bravely,1
1,bread,2
1,break,4
1,breaks,1
1,breast,3
1,breath,10
1,breathe,1
1,breathes,2
1,breathless,1
1,bred,1
1,breed,1
1,breedeth,1
1,breeding,1
1,breeds,1
1,brethren,5
1,brew,1
1,bridal,2
1,bride,2
1,bridegrooms,1
1,brides,1
1,bridle,1
1,brief,1
1,bright,1
1,brighteyed,1
1,brine,1
1,bring,6
1,bringing,1
1,brings,3
1,broidered,3
1,broideries,3
1,broke,3
1,broken,8
1,bronze,1
1,bronzeclad,1
1,brood,2
1,broodeth,1
1,brother,4
1,brotherhood,1
1,brothers,1
1,brought,3
1,brow,3
1,"""bruis\u00e3d""",1
1,brute,1
1,buds,1
1,build,1
1,builded,1
1,bull,1
1,bulwark,1
1,burden,2
1,burial,1
1,burn,5
1,burneth,2
1,burning,9
1,burst,5
1,bursts,1
1,business,1
1,but,42
1,butchering,1
1,cables,1
1,caitiffs,1
1,calamity,1
1,calchas,4
1,call,8
1,called,4
1,calling,1
1,calls,2
1,callst,1
1,came,17
1,can,16
1,canst,3
1,captives,1
1,capture,1
1,car,1
1,care,6
1,carnage,1
1,carry,1
1,carven,1
1,cassandra,43
1,cassandras,1
1,cast,17
1,casteth,1
1,casting,2
1,castle,7
1,catch,1
1,caught,4
1,cause,3
1,caused,1
1,caverns,1
1,cavillings,1
1,cease,1
1,ceased,1
1,ceases,1
1,cell,1
1,central,2
1,centre,1
1,chafe,2
1,chain,1
1,chained,1
1,chains,1
1,chalcis,1
1,challengedhe,1
1,chance,2
1,changed,3
1,changes,1
1,changeth,1
1,chanted,1
1,chanting,1
1,charge,2
1,charged,2
1,chariot,4
1,charm,1
1,charnelhouse,1
1,chased,1
1,checking,1
1,cheer,1
1,cherished,1
1,chid,1
1,chief,1
1,child,16
1,childless,1
1,children,10
1,childs,2
1,chill,1
1,choir,1
1,chorus,20
1,chosen,1
1,chryseis,1
1,citadel,2
1,cities,4
1,citizens,1
1,city,15
1,citys,1
1,clammy,1
1,clasp,1
1,claspeth,1
1,claw,1
1,clear,11
1,cleaveth,1
1,cling,1
1,clinging,1
1,clings,2
1,close,7
1,closelaid,1
1,clothe,2
1,clothes,2
1,clouding,1
1,clue,1
1,cluster,1
1,clutching,1
1,clytemnestra,52
1,clytemnestras,2
1,coal,1
1,cold,4
1,collapsed,1
1,come,19
1,comes,14
1,cometh,8
1,comfort,3
1,coming,4
1,compact,1
1,compasseth,1
1,comrade,1
1,concealment,1
1,concord,1
1,concourse,1
1,confess,2
1,confessed,1
1,confidence,1
1,confusedly,1
1,conquer,1
1,conquered,4
1,conquerest,1
1,conquering,1
1,conqueror,6
1,conquerors,2
1,conquers,1
1,consecrate,1
1,consent,1
1,consented,1
1,constrained,1
1,content,2
1,contented,1
1,continues,1
1,controls,1
1,convict,1
1,coolness,1
1,cord,1
1,core,1
1,cornflushed,1
1,corpse,1
1,council,2
1,councillors,1
1,counsel,7
1,counselling,1
1,counsellings,1
1,count,1
1,counting,1
1,courage,2
1,cover,1
1,covered,1
1,cowering,1
1,craft,7
1,craftsman,1
1,crag,1
1,crasheth,1
1,craven,1
1,craves,1
1,crawl,1
1,creep,2
1,creepeth,1
1,crept,1
1,cried,3
1,cries,3
1,criest,1
1,crimson,3
1,cringe,1
1,croaketh,1
1,crossed,4
1,crowd,2
1,crowding,1
1,crown,8
1,crowned,2
1,cruel,1
1,crushing,1
1,cry,17
1,crying,6
1,cup,3
1,curbs,1
1,curse,7
1,cursefraught,1
1,curses,2
1,cursing,2
1,curtain,1
1,curtains,1
1,cut,1
1,cutting,1
1,daemon,3
1,daemons,2
1,daily,1
1,dallying,1
1,"""damn\u00e3d""",1
1,danaan,1
1,dance,1
1,danced,1
1,dances,1
1,dancing,2
1,danger,1
1,dare,3
1,dared,2
1,dareth,1
1,daring,1
1,dark,14
1,darkness,5
1,daughter,4
1,dawn,8
1,dawned,1
1,day,31
1,daylight,1
1,days,9
1,dead,34
1,deadly,1
1,dear,5
1,dearer,1
1,dearly,1
1,death,24
1,deathand,1
1,deathbride,1
1,deathfraught,1
1,deathgates,1
1,deathly,1
1,deaths,2
1,debate,2
1,debt,2
1,decays,1
1,deck,1
1,decks,1
1,declares,1
1,decree,2
1,deed,11
1,deemeth,2
1,deep,14
1,deeps,1
1,defied,1
1,defile,1
1,defiled,2
1,defilers,1
1,deign,1
1,deigns,1
1,delay,4
1,delicate,2
1,delight,2
1,delighteth,1
1,deliverance,1
1,delivered,1
1,delphic,1
1,demanded,1
1,den,1
1,deny,1
1,depart,2
1,derision,1
1,descent,1
1,desecrate,1
1,desert,1
1,desire,4
1,desireth,1
1,desiring,1
1,desolate,3
1,desolately,1
1,desolation,1
1,destined,1
1,destroyed,1
1,devil,1
1,dew,2
1,dewdrenched,1
1,dewwet,1
1,dewy,1
1,dice,1
1,did,3
1,die,20
1,died,4
1,dies,3
1,difficulty,1
1,digged,1
1,dim,3
1,dire,1
1,directly,1
1,direr,1
1,dirgesong,1
1,disasterful,1
1,discord,1
1,disdain,1
1,dismay,1
1,dismount,2
1,dismounts,1
1,distance,1
1,distress,1
1,divers,1
1,diverse,1
1,divided,1
1,divine,2
1,division,1
1,doer,1
1,doeth,1
1,dolorous,1
1,domain,1
1,dome,1
1,domes,1
1,dominate,1
1,done,8
1,doom,12
1,dooms,2
1,door,6
1,doors,1
1,doorway,1
1,doth,19
1,doubles,1
1,doubt,1
1,doubtless,1
1,dower,2
1,down,2
1,downfallen,1
1,downtrod,2
1,drag,1
1,dragged,1
1,drain,1
1,drank,2
1,draught,1
1,drave,1
1,draw,1
1,drea,5
1,dread,2
1,dreadful,1
1,dreadfulness,1
1,dream,10
1,dreambeguiled,1
1,dreamed,1
1,dreamer,1
1,dreams,3
1,dreamshape,1
1,drew,1
1,drifting,2
1,drink,1
1,dripping,1
1,driver,1
1,drop,1
1,dropped,1
1,drove,2
1,drowsing,1
1,drunk,3
1,drunken,3
1,dry,1
1,due,5
1,dulleyed,1
1,dumb,1
1,dupe,1
1,during,2
1,durst,2
1,dust,10
1,dwell,1
1,dwelling,2
1,dyed,1
1,dyes,1
1,dying,3
1,each,1
1,eagerly,1
1,eagerness,1
1,eagle,1
1,eagles,4
1,ear,7
1,ears,1
1,earth,12
1,earthbent,1
1,ease,1
1,easier,1
1,easy,2
1,eating,1
1,eclipse,1
1,eddying,1
1,eer,1
1,effort,1
1,either,1
1,eke,1
1,elbowstayed,1
1,elder,28
1,elders,7
1,else,5
1,elseand,1
1,emblazed,1
1,employ,1
1,empty,8
1,enchanting,1
1,end,13
1,endeavour,1
1,ended,1
1,endeth,1
1,ending,1
1,endless,1
1,endlessly,1
1,endure,2
1,endured,2
1,enemies,2
1,enemy,3
1,enemys,1
1,enough,5
1,enoughand,1
1,enslavement,1
1,ensueth,1
1,enter,2
1,entered,1
1,entice,1
1,entrance,1
1,envious,1
1,envy,2
1,ere,5
1,erewhile,1
1,erst,1
1,escape,2
1,essay,1
1,essays,1
1,eternal,2
1,"""eur\u00e3pus""",1
1,even,8
1,ever,16
1,evermore,2
1,every,6
1,everywherelet,1
1,evil,15
1,evilcold,1
1,exalt,1
1,exhausted,2
1,exile,4
1,exiled,1
1,exit,3
1,eye,8
1,eyes,17
1,face,9
1,fade,2
1,fail,2
1,failed,1
1,failing,1
1,fails,1
1,fain,2
1,fair,4
1,faith,1
1,faithful,4
1,faithfully,1
1,fall,10
1,fallen,7
1,fallenand,1
1,fallenbut,1
1,falleth,1
1,falling,2
1,falls,4
1,FALSE,3
1,falter,2
1,famine,1
1,"""fang\u00e3d""",1
1,far,14
1,farewell,1
1,faroff,1
1,fashion,1
1,fast,2
1,faster,1
1,fat,1
1,fate,13
1,fates,2
1,father,9
1,fathers,9
1,fatness,1
1,faugh,2
1,fawning,1
1,fawns,2
1,fear,11
1,feareth,2
1,fears,3
1,feast,8
1,fed,2
1,feed,1
1,feel,3
1,feels,2
1,feet,6
1,feign,1
1,feigned,1
1,feigning,1
1,feigns,2
1,fell,10
1,felt,1
1,fence,2
1,festival,1
1,fever,1
1,field,1
1,fierce,4
1,fiercehuddling,1
1,fiery,1
1,fighter,1
1,fighting,1
1,fill,2
1,filled,1
1,filleth,2
1,find,7
1,"""fingerfring\u00e3d""",1
1,fingers,1
1,finished,1
1,fire,17
1,firebrands,1
1,firegod,1
1,fires,2
1,firewhite,1
1,first,14
1,fisher,1
1,fishes,1
1,fitteth,1
1,fixed,1
1,flame,10
1,flaming,4
1,flapped,1
1,flare,1
1,flashed,1
1,fled,5
1,fleet,1
1,flesh,8
1,flies,2
1,flieth,1
1,flight,1
1,fling,2
1,floats,1
1,flocks,2
1,flood,1
1,floor,3
1,flow,5
1,flower,7
1,flown,1
1,flows,1
1,flung,1
1,fly,5
1,foamed,1
1,foe,3
1,foes,1
1,fold,5
1,follow,3
1,followed,1
1,followeth,2
1,follows,1
1,folly,3
1,food,2
1,fool,1
1,foot,3
1,for,59
1,force,2
1,forceth,1
1,fore,3
1,foreboding,1
1,forefend,1
1,foregone,1
1,forescheming,1
1,foresmitten,1
1,forespent,1
1,forestay,1
1,forests,1
1,forewarned,1
1,forget,5
1,forgetteth,1
1,forgetting,1
1,forgot,1
1,forgotten,1
1,forth,7
1,fortune,7
1,fortunes,3
1,forward,5
1,foul,4
1,found,8
1,founder,1
1,fragrance,1
1,frail,1
1,free,4
1,freesouled,1
1,fresh,2
1,fret,1
1,friend,9
1,friending,1
1,friendly,1
1,friends,3
1,friendship,2
1,fright,1
1,frights,1
1,from,14
1,front,3
1,fronting,1
1,frosts,1
1,frown,1
1,frozen,1
1,fulfill,2
1,fulfilled,5
1,fulfilment,2
1,full,9
1,fulness,1
1,funeral,1
1,furies,2
1,furrows,1
1,fury,5
1,future,1
1,gain,1
1,gainer,1
1,gains,1
1,galleys,3
1,garments,1
1,"""g\u00e3ryon""",1
1,gasped,1
1,gasping,3
1,gate,6
1,gated,1
1,gates,2
1,gather,3
1,gathered,3
1,gave,1
1,gaze,1
1,gear,1
1,gentleness,1
1,get,1
1,getting,1
1,ghastly,1
1,ghastlywed,1
1,ghost,1
1,giant,1
1,gift,5
1,gifts,2
1,gird,1
1,girth,1
1,give,9
1,given,2
1,gives,1
1,giveth,1
1,glad,4
1,gladly,1
1,gladness,1
1,gladvoiced,1
1,glass,1
1,gleams,1
1,glimmer,1
1,glimmering,1
1,gloom,1
1,glories,2
1,glory,7
1,glorying,1
1,glowed,1
1,gnats,1
1,goal,1
1,goats,1
1,god,55
1,godblinded,1
1,godhow,1
1,godless,1
1,gods,32
1,godswhy,1
1,goes,6
1,goings,1
1,gold,6
1,goldchanger,1
1,golden,1
1,gone,10
1,good,25
1,goodbye,1
1,gore,2
1,gored,1
1,"""gorg\u00e3pis""",1
1,gorge,1
1,got,2
1,grace,4
1,graceless,1
1,gradually,2
1,grand,2
1,grant,3
1,grape,1
1,grass,1
1,grave,3
1,great,40
1,greater,1
1,greatness,1
1,greece,1
1,greed,1
1,greek,6
1,greeks,3
1,green,2
1,greet,4
1,greeting,2
1,grew,4
1,grey,1
1,grief,9
1,griefs,3
1,grieve,1
1,grievous,1
1,groan,1
1,groaned,2
1,groaning,1
1,groans,1
1,gropeth,1
1,groping,2
1,gropingly,1
1,ground,6
1,grow,2
1,growing,1
1,grown,1
1,grudge,1
1,guard,2
1,guardeth,1
1,guardian,1
1,guarding,1
1,guards,1
1,guerdon,1
1,guesswork,1
1,guide,4
1,guided,2
1,guides,2
1,guideth,1
1,guile,1
1,guileless,1
1,guilty,1
1,guise,3
1,gulf,1
1,habiliments,1
1,had,1
1,hadst,1
1,hail,7
1,hailwhat,1
1,hair,1
1,half,3
1,halfblind,1
1,halfempty,1
1,hall,11
1,hand,24
1,handmaids,1
1,hands,6
1,hangings,1
1,happiness,1
1,happy,6
1,harbouring,1
1,harbourmine,1
1,harbourtwas,1
1,hard,6
1,hardened,1
1,hardihead,1
1,hare,2
1,harerenders,1
1,harnessed,1
1,harvest,4
1,hast,15
1,haste,1
1,hate,12
1,hater,1
1,hates,1
1,hateth,1
1,hath,57
1,haunteth,1
1,haunting,1
1,haunts,2
1,have,3
1,head,5
1,heads,1
1,heal,1
1,healer,3
1,healers,1
1,healing,1
1,health,2
1,heap,2
1,heaps,1
1,hear,8
1,heard,9
1,heareth,2
1,hearing,1
1,heark,1
1,hearken,1
1,hears,4
1,heart,32
1,hearth,5
1,hearthstone,2
1,hearts,6
1,heat,1
1,heather,1
1,heaven,5
1,heavenly,2
1,heavens,1
1,heavy,8
1,heed,1
1,heel,3
1,height,1
1,held,4
1,helen,7
1,helena,1
1,helens,1
1,helios,1
1,hell,7
1,hellas,1
1,hells,1
1,helm,1
1,help,7
1,her,5
1,herald,19
1,heralds,2
1,herd,1
1,herded,1
1,herds,1
1,herdsman,1
1,here,4
1,hereafter,2
1,herein,1
1,hereof,1
1,hermes,3
1,hestia,1
1,hewn,1
1,hid,1
1,hidden,1
1,hide,3
1,hides,1
1,high,22
1,highborn,1
1,higher,1
1,highpriest,1
1,highthroned,1
1,hills,1
1,him,3
1,himaye,1
1,hinder,1
1,his,21
1,hit,1
1,hither,1
1,hitherward,1
1,hold,7
1,holdeth,3
1,holds,1
1,holes,1
1,holy,2
1,home,18
1,homecoming,2
1,honour,2
1,honoured,1
1,honouredhast,1
1,honoureth,1
1,honours,1
1,hope,7
1,hopes,4
1,hoping,1
1,horn,2
1,horrible,2
1,horror,2
1,horse,2
1,host,4
1,hosts,1
1,hot,3
1,hound,1
1,hounds,2
1,hour,11
1,house,38
1,housed,1
1,housefolk,1
1,houses,4
1,houseways,1
1,hovereth,3
1,how,26
1,howbeit,4
1,hull,3
1,hunger,3
1,hungereth,1
1,hungers,1
1,hungry,2
1,hunt,2
1,hunters,1
1,hunterwise,1
1,hunteth,1
1,hurl,1
1,"""hurl\u00e3d""",1
1,hurled,3
1,husband,4
1,husbands,2
1,hush,1
1,ida,3
1,idaean,1
1,idly,1
1,ilion,13
1,ilions,8
1,ill,8
1,illblanketed,1
1,illhelmed,1
1,illmated,1
1,images,1
1,immenseyea,1
1,impassable,1
1,incense,3
1,incensed,1
1,incline,1
1,increase,1
1,increased,1
1,increases,1
1,increasing,1
1,incredible,1
1,indeed,6
1,indued,1
1,inmost,1
1,innocent,4
1,insatiable,1
1,inside,1
1,instruct,1
1,insult,1
1,intent,1
1,interpreter,3
1,interupts,1
1,into,1
1,intolerable,1
1,inviolate,1
1,inward,2
1,"""iphigen\u00e3a""",1
1,iphigenia,1
1,ire,1
1,iron,2
1,issue,1
1,iti,1
1,its,1
1,itylus,2
1,jars,1
1,joined,2
1,joy,12
1,joyful,1
1,joyous,1
1,joys,1
1,judge,1
1,judged,1
1,judgement,4
1,just,2
1,justice,7
1,keen,1
1,keensensed,1
1,keep,6
1,keepeth,1
1,kick,1
1,kid,1
1,kill,6
1,kin,2
1,kind,1
1,kindle,1
1,kindled,2
1,kindler,1
1,kindlest,1
1,kindling,1
1,king,23
1,kings,20
1,kiss,4
1,kisses,1
1,kithairons,1
1,knee,1
1,kneel,2
1,knees,2
1,knew,5
1,knocking,1
1,knocks,1
1,knouts,1
1,know,18
1,knowest,1
1,knoweth,7
1,knowing,3
1,known,3
1,knows,4
1,lack,1
1,laden,2
1,laid,3
1,lair,1
1,lake,1
1,lamentation,1
1,lamp,1
1,lamps,1
1,land,17
1,lands,2
1,lapt,1
1,last,22
1,late,1
1,later,1
1,laugh,1
1,laugheth,1
1,laughing,1
1,laughs,1
1,laughter,1
1,lave,1
1,law,6
1,laws,1
1,lay,11
1,lays,2
1,lead,3
1,leader,69
1,leadeth,1
1,leads,1
1,leaf,1
1,leafage,1
1,leafy,1
1,leap,1
1,leapeth,1
1,leaping,1
1,leapt,2
1,learn,8
1,learned,2
1,learning,1
1,leave,4
1,leaves,1
1,led,4
1,leda,1
1,leech,1
1,lees,1
1,left,7
1,leman,1
1,lemnian,1
1,lendeth,1
1,lesson,2
1,lest,1
1,let,15
1,letters,1
1,licks,1
1,lie,9
1,lied,1
1,lies,12
1,lieth,1
1,life,19
1,lifeblood,2
1,lifes,1
1,lift,2
1,lifted,3
1,lifteth,1
1,lifting,1
1,light,12
1,lighted,1
1,lightens,1
1,lightly,2
1,lights,3
1,like,55
1,liked,1
1,likes,2
1,likewise,1
1,limbs,2
1,line,2
1,linger,1
1,lingered,1
1,lingering,1
1,lion,4
1,lioness,1
1,lions,4
1,lip,1
1,lips,4
1,little,9
1,live,2
1,lived,2
1,lives,3
1,liveth,3
1,living,3
1,load,1
1,loath,1
1,loathing,1
1,lone,1
1,lonely,4
1,long,28
1,longing,2
1,longingo,1
1,look,4
1,looked,2
1,looks,1
1,loose,2
1,lord,12
1,lords,3
1,lost,10
1,lot,1
1,loud,1
1,love,14
1,lovea,1
1,loved,4
1,loveliness,1
1,lover,3
1,loves,3
1,loveth,1
1,loving,1
1,lovingly,1
1,low,4
1,lowwrought,1
1,loxias,2
1,lurketh,1
1,lust,3
1,lustral,1
1,lusty,1
1,lying,3
1,lyreless,1
1,mad,3
1,maddeneth,1
1,maddening,1
1,made,13
1,madness,2
1,magic,1
1,maid,4
1,mailed,1
1,main,2
1,make,9
1,makes,4
1,making,3
1,makistos,1
1,malignant,1
1,man,39
1,manblinding,1
1,manhunted,1
1,manifold,3
1,mankind,1
1,manpassioned,1
1,mans,14
1,many,17
1,mar,3
1,marble,2
1,mark,3
1,marked,3
1,marksman,1
1,marring,1
1,marshal,1
1,mart,1
1,marvel,3
1,marvels,1
1,master,6
1,mastered,2
1,masters,1
1,mastery,1
1,mate,3
1,mattock,1
1,may,28
1,maybe,1
1,mean,3
1,meaning,4
1,measure,1
1,measured,1
1,meat,2
1,meats,1
1,mecome,1
1,medicine,4
1,medicining,1
1,meet,2
1,meeting,1
1,meets,1
1,melody,1
1,melt,1
1,melteth,1
1,melts,1
1,memory,1
1,men,45
1,mena,1
1,menacing,1
1,"""menela\u00e3s""",2
1,menelaus,1
1,mens,7
1,merciful,1
1,mercy,2
1,mercys,1
1,mess,1
1,message,5
1,messapions,1
1,messenger,1
1,messengers,1
1,met,3
1,methinks,5
1,mid,6
1,midmost,2
1,midnight,2
1,midst,1
1,midwinter,1
1,might,5
1,mighty,1
1,milkfed,1
1,mind,6
1,mine,29
1,mingle,1
1,mire,1
1,mirrored,1
1,mischief,1
1,misery,2
1,misfortune,1
1,misgloried,1
1,miss,5
1,missed,1
1,mist,1
1,mists,1
1,moaning,2
1,mocked,1
1,mockers,2
1,mocketh,1
1,modern,1
1,monstrous,1
1,mood,4
1,moon,1
1,moony,1
1,moored,1
1,mooring,1
1,morn,2
1,mortal,3
1,mortally,1
1,mortals,1
1,most,1
1,mother,1
1,mothered,1
1,mothers,1
1,mount,1
1,mountain,1
1,mourners,5
1,mouth,3
1,mouths,1
1,move,4
1,moves,2
1,moving,1
1,mowed,1
1,much,3
1,multitude,2
1,murdered,2
1,murderous,1
1,murders,1
1,murk,1
1,murmur,2
1,murmuring,1
1,murmurs,1
1,music,5
1,must,14
1,mustbe,1
1,mute,1
1,mystic,5
1,nailed,2
1,name,12
1,named,1
1,names,2
1,narrow,1
1,nation,1
1,naught,2
1,nay,9
1,near,9
1,neatly,1
1,neck,1
1,need,5
1,needs,5
1,neighbour,1
1,neither,6
1,nest,1
1,net,6
1,nether,1
1,never,10
1,nevermore,1
1,nevermorefrom,1
1,new,9
1,news,2
1,newwed,1
1,next,2
1,nigh,1
1,night,13
1,nightingale,1
1,nights,1
1,nimble,1
1,noblyslain,1
1,noise,3
1,none,12
1,noonday,1
1,noose,1
1,nor,5
1,not,4
1,nothing,3
1,nottis,1
1,now,37
1,nowall,1
1,nowhere,1
1,nowise,2
1,nurse,1
1,oarblades,1
1,oars,1
1,oarsman,1
1,oath,3
1,oathgods,1
1,obedience,1
1,obedient,1
1,obeisance,1
1,obey,2
1,obeyeth,1
1,obeys,1
1,occurs,1
1,odysseus,1
1,oer,12
1,oerseas,1
1,oerthrown,1
1,offerest,1
1,oft,1
1,oil,1
1,old,33
1,olive,1
1,"""olol\u00e3g\u00e3""",1
1,omen,1
1,ominous,1
1,once,2
1,one,56
1,ones,1
1,onevoiced,1
1,only,4
1,onward,2
1,oozeth,1
1,oozing,1
1,open,3
1,opened,1
1,opening,2
1,opposite,1
1,oracle,1
1,oracles,2
1,ordain,2
1,ordeal,1
1,order,1
1,ordered,1
1,ordinance,1
1,orestes,3
1,orpheus,1
1,others,7
1,otototoi,2
1,our,5
1,out,2
1,outblotteth,1
1,outcast,2
1,outflashed,1
1,outpour,1
1,outrun,1
1,outside,1
1,outspoken,1
1,outworn,1
1,over,1
1,overborne,1
1,overcame,1
1,overcomes,1
1,overfraught,1
1,overleaping,1
1,overpraised,1
1,overproud,1
1,overthrow,1
1,paeancry,1
1,paian,2
1,paid,4
1,pain,14
1,pains,1
1,painted,1
1,palace,15
1,pale,3
1,pall,1
1,"""pall\u00e3d""",1
1,pan,1
1,parable,1
1,parched,2
1,paris,7
1,parted,1
1,partly,1
1,parts,1
1,pass,6
1,passed,4
1,passes,1
1,passing,3
1,passion,2
1,passionate,1
1,past,6
1,path,8
1,pathways,1
1,patience,1
1,patient,1
1,pay,4
1,pays,3
1,peace,9
1,people,9
1,peoples,2
1,perchance,1
1,perdition,2
1,perfect,4
1,peril,5
1,perilous,1
1,perish,1
1,pet,1
1,phantom,2
1,phantoms,1
1,phial,1
1,phocian,1
1,picture,1
1,pierce,1
1,pierced,2
1,piercing,2
1,pikes,1
1,pile,1
1,piled,2
1,pillar,1
1,pine,2
1,pines,1
1,pipeth,1
1,piteous,1
1,pities,1
1,pitiless,1
1,pity,7
1,place,3
1,placed,1
1,plaguelike,1
1,plain,10
1,plaining,1
1,planned,3
1,plant,1
1,planted,2
1,play,2
1,played,1
1,plead,1
1,pleasure,4
1,pleiades,1
1,"""pleisthen\u00e3s""",1
1,plenteousness,1
1,plenty,1
1,plight,1
1,plot,2
1,plots,1
1,plotter,1
1,plotteth,1
1,plunder,1
1,plundered,1
1,point,2
1,poiseth,1
1,poison,3
1,poor,8
1,portion,1
1,position,4
1,possess,1
1,possessed,1
1,possession,1
1,possessions,1
1,poured,3
1,power,6
1,powers,1
1,praise,9
1,praised,1
1,praising,1
1,pray,8
1,prayed,2
1,prayer,12
1,prayers,3
1,prayeth,1
1,prays,2
1,predecision,1
1,prepare,1
1,presage,1
1,presagehaunted,1
1,presageththe,1
1,presence,1
1,present,1
1,presently,4
1,press,1
1,pressed,1
1,pressing,1
1,prevail,8
1,prevaileth,1
1,prey,1
1,priam,3
1,priams,1
1,price,1
1,pride,6
1,prideful,1
1,princes,1
1,princess,1
1,prison,1
1,prithee,1
1,prize,3
1,proceeds,1
1,procession,1
1,proclaiming,1
1,profit,1
1,promise,1
1,promontory,1
1,proof,1
1,proofs,1
1,prophecy,3
1,prophesy,2
1,prophet,1
1,prophetic,1
1,prophets,3
1,prospereth,1
1,proud,2
1,prove,1
1,proved,1
1,proverb,1
1,prow,2
1,purge,1
1,purplefish,1
1,purpose,1
1,pursuer,1
1,pursuing,1
1,put,1
1,pyre,2
1,pythian,1
1,quarters,1
1,queen,9
1,quest,2
1,questions,1
1,quick,8
1,quickly,5
1,race,4
1,races,1
1,racing,1
1,rage,5
1,raiment,3
1,rain,4
1,rainand,1
1,raindrops,1
1,raise,2
1,raised,1
1,ran,2
1,rapt,1
1,rare,1
1,raven,1
1,ravening,1
1,ravenous,1
1,ravished,1
1,ravisht,1
1,ray,1
1,rays,1
1,reach,2
1,reached,3
1,read,7
1,readeth,1
1,reading,2
1,ready,4
1,reap,2
1,reaped,1
1,reaping,1
1,reared,3
1,reasonless,1
1,reawoken,1
1,rebel,1
1,receive,2
1,recking,2
1,reckon,1
1,recognizing,1
1,recoils,1
1,recovering,1
1,red,4
1,reef,1
1,reek,2
1,reels,2
1,refrain,1
1,reft,1
1,refuge,1
1,refuse,1
1,regains,1
1,reigned,1
1,reigning,1
1,reject,1
1,rejects,1
1,relay,1
1,relief,1
1,religion,1
1,remains,1
1,remember,1
1,remembered,1
1,rending,1
1,renewed,1
1,rent,1
1,repeated,1
1,repelled,1
1,report,1
1,represents,1
1,reptile,1
1,requite,1
1,rescue,1
1,respite,1
1,rest,4
1,retinue,2
1,retinues,1
1,return,6
1,returneth,1
1,returning,2
1,returns,1
1,revealing,1
1,revelling,1
1,revenge,1
1,reverend,1
1,reverent,1
1,reviled,2
1,revileth,1
1,rich,4
1,riddles,1
1,riddling,1
1,right,6
1,righteous,2
1,righteously,1
1,righteousness,1
1,righting,1
1,ring,1
1,rings,1
1,rise,4
1,rises,1
1,rite,1
1,riven,1
1,river,3
1,rivers,1
1,road,1
1,robbing,1
1,robe,3
1,robes,2
1,rock,3
1,rockridged,1
1,rod,1
1,rolled,1
1,rolls,1
1,roof,4
1,roofs,1
1,rooftree,1
1,room,1
1,rooms,1
1,root,2
1,rose,2
1,round,8
1,roundelay,1
1,rout,1
1,row,1
1,royal,2
1,rubbed,1
1,rude,1
1,rugs,1
1,rule,1
1,rulest,1
1,rumour,2
1,rumoured,1
1,run,5
1,running,1
1,rush,1
1,ruthlessness,1
1,sack,1
1,sacker,3
1,sacrifice,5
1,sad,3
1,sadder,1
1,safe,2
1,safetys,1
1,saffron,2
1,said,3
1,sailed,2
1,sailors,3
1,saith,1
1,sake,2
1,salt,1
1,salutes,1
1,sand,1
1,sank,1
1,sap,1
1,saronian,1
1,sate,2
1,satisfied,1
1,save,9
1,saved,1
1,saviour,2
1,saw,6
1,say,15
1,says,1
1,sayst,2
1,scale,2
1,scamander,2
1,scant,1
1,scapeso,1
1,scarcely,1
1,scattering,1
1,scene,1
1,sceptre,1
1,sceptres,1
1,scheme,1
1,score,2
1,scored,1
1,scorn,3
1,scorner,1
1,scorners,1
1,scourge,1
1,scourged,1
1,scream,1
1,scroll,1
1,sea,13
1,seacrimson,1
1,seahell,1
1,seaits,1
1,seal,1
1,sealed,1
1,searching,2
1,seas,6
1,seats,1
1,second,8
1,secret,4
1,see,18
1,seed,2
1,seeing,5
1,seek,2
1,seeketh,1
1,seeking,1
1,seeks,1
1,seem,2
1,seemeth,2
1,seeming,2
1,seemlier,1
1,seemly,1
1,seen,6
1,seer,3
1,seercraft,1
1,seers,2
1,seersthat,1
1,sees,1
1,seest,1
1,self,1
1,selfmurdering,1
1,send,2
1,sendeth,3
1,sense,2
1,sent,4
1,sentinels,1
1,separate,2
1,sepulchre,1
1,serpent,1
1,serpents,1
1,serves,1
1,serveth,1
1,set,6
1,sets,1
1,setteth,1
1,shadow,1
1,shadowed,1
1,shaft,1
1,shakes,1
1,shall,74
1,shalt,6
1,shame,7
1,shape,1
1,shaped,1
1,shapes,2
1,share,4
1,sharp,1
1,she,14
1,sheath,1
1,sheathing,1
1,shedder,2
1,shedding,1
1,sheep,3
1,shelter,1
1,shepherd,2
1,shewolfs,1
1,shield,1
1,shields,1
1,shine,1
1,shineth,2
1,shining,6
1,ship,6
1,ships,8
1,shipwrecked,1
1,shock,1
1,shoes,1
1,shook,1
1,shore,2
1,shores,1
1,shorewardthrown,1
1,short,1
1,should,2
1,shoulder,1
1,shout,1
1,shouted,1
1,shouting,2
1,show,6
1,showed,2
1,showing,1
1,shown,1
1,shriek,2
1,shrines,1
1,shroud,1
1,shuddering,2
1,sick,3
1,sickness,1
1,sickwatch,1
1,side,4
1,sides,1
1,sigh,1
1,sighing,1
1,sight,1
1,sign,10
1,silence,2
1,silent,2
1,silently,1
1,silver,2
1,silvern,1
1,"""simo\u00e3s""",1
1,sin,14
1,since,7
1,sincere,1
1,sing,6
1,singing,2
1,single,1
1,sings,1
1,sinned,2
1,sinner,1
1,sins,2
1,sire,1
1,siremore,1
1,sires,1
1,sister,1
1,sit,1
1,sitteth,1
1,sixes,1
1,skies,2
1,sky,6
1,skyey,1
1,skylla,1
1,skyward,1
1,slain,12
1,slaughter,1
1,slave,5
1,slaver,1
1,slavery,1
1,slaves,3
1,slavish,2
1,slay,8
1,slayer,3
1,slaying,2
1,sleep,7
1,sleepeth,3
1,sleepless,1
1,slept,1
1,sleuthhounds,1
1,slew,6
1,slow,1
1,slowly,1
1,slumberwon,1
1,slumbrous,1
1,small,1
1,smell,1
1,smile,1
1,smiled,1
1,smit,1
1,smite,1
1,smiter,1
1,smoke,2
1,smokestained,1
1,smote,1
1,snare,4
1,snow,2
1,sobbing,1
1,sobst,1
1,soft,5
1,softly,1
1,soil,2
1,sold,1
1,soldier,2
1,soldiers,1
1,solemn,1
1,some,12
1,something,1
1,son,3
1,song,13
1,sons,3
1,soon,8
1,sooth,1
1,soothsayer,1
1,sore,7
1,sorrow,13
1,sorrowridden,1
1,sorrows,2
1,sort,1
1,soul,7
1,souls,2
1,sound,4
1,sounded,1
1,space,3
1,spake,4
1,spare,2
1,spared,3
1,spars,1
1,spate,1
1,speak,15
1,speakers,1
1,speakest,1
1,speaking,1
1,speaks,5
1,spear,7
1,spearfriend,1
1,spearhand,1
1,spearmen,1
1,spearquelled,1
1,spears,2
1,sped,1
1,speech,6
1,speechoutstripping,1
1,spell,5
1,spells,1
1,spewing,1
1,spider,2
1,spiders,1
1,spike,1
1,spilled,1
1,spilt,1
1,spirit,1
1,spiritsure,1
1,splashed,1
1,splashing,1
1,spoil,2
1,"""spoil\u00e3d""",1
1,spoiled,1
1,spoiler,1
1,spoilers,1
1,spoils,1
1,spoke,7
1,spoken,4
1,sponge,1
1,spouted,1
1,spray,2
1,sprays,1
1,spread,4
1,spring,5
1,springs,1
1,sprung,1
1,spurn,1
1,spurneth,2
1,spurning,3
1,squall,1
1,squareth,1
1,stab,2
1,stabs,1
1,staff,2
1,stage,1
1,stain,5
1,stained,1
1,staining,1
1,stair,1
1,stalketh,1
1,stamps,1
1,stand,9
1,standing,3
1,standingsong,1
1,stands,3
1,star,4
1,starchild,1
1,stare,1
1,stark,1
1,stars,1
1,start,1
1,startest,1
1,starting,1
1,starving,3
1,stasimon,3
1,state,3
1,station,1
1,stations,1
1,staves,2
1,stay,3
1,stead,1
1,steals,1
1,steered,1
1,steps,2
1,stept,3
1,still,16
1,sting,1
1,stint,2
1,stintless,1
1,stirred,3
1,stole,2
1,stolen,1
1,stone,1
1,stones,1
1,stoning,1
1,stores,1
1,stories,1
1,storm,3
1,storms,2
1,stormy,2
1,straight,3
1,straightway,1
1,strains,1
1,strange,8
1,stranger,1
1,strangers,1
1,strangling,1
1,straying,1
1,streaming,1
1,streets,1
1,strength,3
1,stress,2
1,strew,1
1,stricken,2
1,strife,5
1,"""strifeencompass\u00e3d""",1
1,strifes,1
1,strike,3
1,strikes,1
1,strive,2
1,strives,1
1,striving,2
1,stroke,3
1,strong,7
1,strongbased,1
1,stronger,1
1,strophe,2
1,strophius,1
1,strove,1
1,struck,4
1,strung,1
1,strymon,2
1,stumbling,1
1,such,6
1,sucklings,1
1,sudden,4
1,suddenly,4
1,suffer,1
1,suffered,1
1,suffereth,1
1,suffering,5
1,suffers,1
1,sufferwhat,1
1,summer,2
1,summon,1
1,sun,5
1,sundered,1
1,sunlight,2
1,sunrise,1
1,sunshine,1
1,suppliant,1
1,sure,12
1,surely,10
1,surety,1
1,surge,1
1,surmise,1
1,surpassing,1
1,suspense,1
1,swaddling,1
1,swallowbird,1
1,swam,1
1,swans,1
1,swarming,1
1,swear,1
1,sweat,1
1,sweepeth,1
1,sweet,12
1,sweeter,1
1,sweetspoken,1
1,swell,2
1,swelled,2
1,swept,4
1,swerved,1
1,swift,1
1,swings,1
1,swirling,1
1,swoln,1
1,swoop,1
1,sword,7
1,swordarm,1
1,swords,1
1,swore,3
1,sworn,2
1,table,1
1,tables,1
1,taen,2
1,tail,1
1,take,4
1,taken,2
1,taker,1
1,taking,1
1,tale,14
1,tales,1
1,talk,2
1,tall,1
1,tame,1
1,tamer,1
1,tangle,2
1,tantalidae,2
1,tapestries,2
1,task,1
1,taught,1
1,tear,5
1,tearing,1
1,tears,11
1,teased,1
1,tell,19
1,telleth,1
1,tells,2
1,tempest,2
1,temptation,1
1,tempting,2
1,ten,1
1,tend,1
1,tender,1
1,tenth,1
1,terrace,1
1,terror,3
1,terrors,1
1,testimonies,1
1,than,2
1,thankoffering,1
1,thanks,1
1,thanksgiving,1
1,thanksgivings,1
1,that,25
1,the,116
1,theatre,1
1,thee,44
1,their,6
1,them,1
1,then,6
1,there,13
1,thereafter,2
1,therefore,2
1,thereof,6
1,thereofbut,1
1,thereon,1
1,these,8
1,they,12
1,thicket,1
1,thief,1
1,thin,1
1,thine,16
1,thing,19
1,things,16
1,thingssin,1
1,think,11
1,third,4
1,thirdthrower,1
1,thirst,1
1,this,20
1,thisagainst,1
1,tho,2
1,thorn,1
1,those,4
1,thou,75
1,though,19
1,thought,11
1,thoughtfulfilling,1
1,thoughts,3
1,thoughtward,1
1,thousand,3
1,thrace,1
1,thralls,2
1,thread,1
1,threat,1
1,three,2
1,threefoot,1
1,threesouled,1
1,threw,4
1,thriceendeared,1
1,thriceengorged,1
1,thrilling,1
1,throat,1
1,throbbing,1
1,throne,3
1,throned,2
1,thrones,2
1,through,5
1,throughout,1
1,throw,1
1,thrown,1
1,throws,2
1,thunder,1
1,thus,11
1,thy,59
1,thyestean,1
1,thyestes,1
1,tide,1
1,tiding,4
1,tidings,2
1,till,23
1,time,10
1,times,1
1,tis,35
1,today,1
1,together,1
1,toil,3
1,token,1
1,tokens,1
1,told,7
1,tones,1
1,tongue,8
1,tonight,1
1,too,4
1,took,4
1,tooth,1
1,torch,1
1,torchbearer,2
1,torches,2
1,torchs,1
1,tore,3
1,torment,1
1,torn,3
1,tossed,3
1,touch,2
1,touched,1
1,touching,1
1,touchstone,1
1,toward,3
1,towards,2
1,tower,4
1,towered,1
1,towering,2
1,towers,5
1,town,2
1,toy,1
1,trace,1
1,tracehorse,1
1,tracking,2
1,trail,1
1,train,1
1,tramp,1
1,trampled,2
1,trampler,1
1,trampling,3
1,transgressed,1
1,trapped,1
1,treacheries,1
1,treachery,1
1,tread,3
1,treason,1
1,treasuries,1
1,tree,1
1,tremble,1
1,tremblers,1
1,trembles,1
1,trembling,2
1,trespassers,1
1,tried,1
1,trieth,1
1,triumph,4
1,triumphantly,1
1,triumphcry,1
1,triumphsong,1
1,trod,2
1,trojan,1
1,trojans,1
1,troll,1
1,troubled,1
1,troubles,1
1,troy,23
1,troys,2
1,truce,1
1,TRUE,18
1,truefathered,1
1,trust,2
1,trusty,1
1,truth,5
1,truthful,1
1,truths,1
1,tumult,1
1,tune,1
1,turn,7
1,turned,3
1,turning,4
1,turns,1
1,twain,3
1,twaintempered,1
1,twas,5
1,twere,2
1,twice,1
1,twill,1
1,twinthroned,1
1,two,10
1,twoedged,2
1,twofold,3
1,twofronted,1
1,twohanded,1
1,tyndareus,1
1,tyrian,1
1,unagonized,1
1,unbeguiled,1
1,unbidden,2
1,unborn,1
1,"""unchalleng\u00e3d""",1
1,unchallenged,1
1,unchanged,1
1,unclean,2
1,unconquered,1
1,unconscious,1
1,underfoot,1
1,understand,1
1,understood,2
1,undone,1
1,unenvying,1
1,unfaith,1
1,unfed,1
1,unforeseen,1
1,unforgiven,1
1,unforgotten,1
1,unfriended,1
1,unguent,1
1,unharboured,1
1,unheeded,1
1,unhired,1
1,unholy,2
1,unhoped,1
1,unknot,1
1,unknown,1
1,unless,3
1,unlit,1
1,unlived,1
1,unmarked,2
1,unnatural,1
1,unrun,1
1,unruth,1
1,unsaid,1
1,unsay,1
1,unseen,1
1,unshed,1
1,unstanched,1
1,unthought,1
1,untie,1
1,unto,4
1,untold,2
1,untouched,1
1,unventured,1
1,unwaking,2
1,unwanted,1
1,unworth,1
1,unwounded,1
1,uphold,1
1,uplift,2
1,uplifted,2
1,upon,18
1,upraised,1
1,uprising,1
1,uproused,1
1,upsprung,1
1,upturned,1
1,urn,2
1,urns,2
1,use,1
1,utmost,1
1,utter,4
1,utterance,1
1,utterly,2
1,uttermost,1
1,vain,7
1,vale,1
1,valour,1
1,vanished,1
1,vanisheth,1
1,vanity,1
1,vapours,1
1,variously,1
1,vaunt,5
1,"""veil\u00e3d""",1
1,veiled,1
1,veils,1
1,vengeance,6
1,verily,2
1,vial,1
1,victory,4
1,viewless,1
1,vigil,2
1,vinegar,1
1,violence,1
1,violent,1
1,virgin,1
1,virgins,1
1,visage,1
1,visibly,1
1,vision,6
1,visions,4
1,voice,12
1,voiced,1
1,voiceless,1
1,voices,5
1,vote,1
1,vow,3
1,vowed,1
1,vulture,1
1,vultures,1
1,wafted,1
1,wail,1
1,wailing,1
1,wait,1
1,waiting,1
1,waits,5
1,wake,2
1,waken,1
1,wakes,1
1,waketh,1
1,waking,1
1,walk,3
1,walketh,2
1,walks,1
1,walkst,1
1,wall,5
1,walls,4
1,wandering,4
1,war,10
1,warcurb,1
1,ward,1
1,wargone,1
1,warmth,1
1,warn,1
1,warning,2
1,warrant,2
1,warrior,1
1,warseer,1
1,warseers,1
1,warstained,2
1,warway,1
1,was,9
1,wash,1
1,washing,1
1,waste,9
1,wastes,1
1,wasting,1
1,watch,7
1,watchdog,2
1,watched,3
1,watcher,5
1,watchers,3
1,watches,2
1,watching,3
1,watchman,2
1,watchmen,1
1,water,9
1,waters,1
1,wave,2
1,waved,2
1,wavering,1
1,waves,2
1,wax,1
1,waxen,2
1,way,9
1,ways,4
1,wayside,1
1,wayyet,1
1,weak,2
1,weakness,1
1,weal,2
1,wealth,5
1,weare,1
1,wears,1
1,weave,1
1,weaving,1
1,web,4
1,wed,1
1,weep,8
1,weeping,4
1,weight,5
1,weird,1
1,welcome,3
1,welcomed,1
1,well,23
1,wellsounding,1
1,wellsped,1
1,went,1
1,were,2
1,west,1
1,wet,4
1,what,30
1,whateer,2
1,whelp,2
1,when,19
1,whence,5
1,where,5
1,whereby,1
1,wherefore,3
1,wherein,1
1,wheresoeer,1
1,wherewith,1
1,whetstones,1
1,whetting,2
1,which,14
1,while,3
1,whirlwind,1
1,whirpool,1
1,whirr,1
1,whispered,1
1,whispering,1
1,whispers,1
1,white,3
1,whither,1
1,who,21
1,whole,3
1,whose,6
1,whoso,3
1,why,12
1,wide,6
1,widemouthed,1
1,wider,1
1,wieldest,1
1,wife,5
1,wifes,1
1,wild,12
1,wilderness,1
1,will,43
1,willed,2
1,wills,1
1,willwho,1
1,wilt,3
1,win,2
1,wind,6
1,windeth,1
1,winds,6
1,wine,1
1,"""wing\u00e3d""",3
1,wings,4
1,winter,1
1,wisdom,4
1,wise,6
1,with,23
1,withal,5
1,withered,1
1,within,13
1,without,6
1,witless,1
1,witness,4
1,witnesses,2
1,witsthey,1
1,woe,5
1,woes,5
1,wolf,2
1,woman,23
1,womans,15
1,womb,1
1,women,2
1,womens,3
1,won,2
1,wonders,1
1,wondrous,2
1,wool,1
1,word,27
1,words,17
1,work,6
1,worketh,1
1,workings,1
1,world,3
1,worn,1
1,worse,2
1,worship,4
1,wot,1
1,would,4
1,wouldst,1
1,wound,3
1,wounded,2
1,woundings,1
1,woundless,1
1,wounds,3
1,wove,1
1,wrack,1
1,wrackwind,1
1,wranglers,1
1,wrapped,1
1,wrapt,1
1,wrath,24
1,wreak,1
1,"""wreath\u00e3d""",1
1,wreck,1
1,wrecked,2
1,wrestled,1
1,wrestlings,1
1,writ,3
1,writhe,1
1,writhing,1
1,written,3
1,wrong,6
1,wronged,1
1,wroth,1
1,wrought,15
1,wroughtwhat,1
1,yea,19
1,year,2
1,yearlong,1
1,years,8
1,yearsno,1
1,yes,2
1,yet,30
1,yield,3
1,yields,1
1,yoke,6
1,yoked,2
1,yon,3
1,yonder,3
1,yore,2
1,young,8
1,your,2
1,zeus,21
